company_name,trade_name,tax_id,contact_name,contact_email,phone,description,sector,sub_sector,city,address,website,facebook,instagram,linkedin,logo_url,export_destinations,certifications,is_published,product_name,product_description,tariff_position
Agroforestal LD SRL,Agroforestal LD S.R.L.,30707563059,Marcelo López Díaz,agroforestalld@hotmail.com,+54 9 364 4450190,"Marca comercial: Agroforestal LD S.R.L..
Experiencia exportadora: Exportador frecuente (exporta regularmente).
Cámaras/asociaciones: CAMARA COMERCIO- CAMARA EXP CARBON VEGETAL DEL CHACO-.
Rubro: Maderas / Woods.",Maderas,Woods,Pampa del Infierno,"Quinta 31 B° Sur S/N, CP 3708, Pampa del Infierno, Chaco",,,,,,Chile y EEUU | Interés: Australia,OPERADOR ECONOMICO AUTORIZADO- CALIFICADO POR OMA- ORG MUNDIAL DE ADUANAS,true,Carbón vegetal/ Wood charcoal,Carbón vegetal/ Wood charcoal,4402.90
Alejandra Gubinelli Arte en Vidrio,Alejandra Gubinelli,27213481725,Alejandra Gubinelli,alejandragubinelli@gmail.com,+54 9 379 4532833,"Marca comercial: Alejandra Gubinelli.
Experiencia exportadora: Exportador potencial (no exporta / nunca exportó).
Cámaras/asociaciones: Fundación Adapthes.
Rubro: Muebles y Home Deco / Furniture and Deco.",Muebles y Home Deco,Furniture and Deco,P. R. Sáenz Peña,"San Martín 1150, CP 3700, P. R. Sáenz Peña, Chaco",,,https://www.instagram.com/alejandragubinelliarteenvidrio/,,,,No,true,Bachas de vidrio para baño,Bachas de vidrio para baño,7006.00
Alejandra Gubinelli Arte en Vidrio,Alejandra Gubinelli,27213481725,Alejandra Gubinelli,alejandragubinelli@gmail.com,+54 9 379 4532833,"Marca comercial: Alejandra Gubinelli.
Experiencia exportadora: Exportador potencial (no exporta / nunca exportó).
Cámaras/asociaciones: Fundación Adapthes.
Rubro: Muebles y Home Deco / Furniture and Deco.",Muebles y Home Deco,Furniture and Deco,P. R. Sáenz Peña,"San Martín 1150, CP 3700, P. R. Sáenz Peña, Chaco",,,https://www.instagram.com/alejandragubinelliarteenvidrio/,,,,No,true,Objetos de vidrio para decoración,Objetos de vidrio para decoración,7020.00
Alesio Roberto Nardelli,Alesio Roberto Nardelli,20170938497,Eliana Nardelli,roberto_nardelli@hotmail.com,+54 9 3644 731800,"Experiencia exportadora: Exportador frecuente (exporta regularmente).
Rubro: Forestal y Madera.",Forestal y Madera,,Tres Isletas,"Av Pte Peron N 515, CP 3703, Tres Isletas, Chaco",https://exportadoranardelli.com,,,,,"Chile, EEUU, España, Países Bajos, Canada, Noruega, Nueva Selanda, Finlandia, Malta, Reino Unido | Interés: La India, China, Arabia Saudita, Catar",,true,Carbón Vegetal,Carbón Vegetal,4402.90.00
Apicola Don Remigio de Daniel Codutti,Apícola Don Remigio,20200931492,Daniel Hugo Codutti,apicoladonremigio@gmail.com,+54 9 3725 641804,"Marca comercial: Apícola Don Remigio.
Experiencia exportadora: Exportador potencial (no exporta / nunca exportó).
Cámaras/asociaciones: MAPO.
Rubro: Alimentos y Bebidas / Food and Beverages.",Alimentos y Bebidas,Food and Beverages,Margarita Belén,"José Luis Mendez, CP 3505, Margarita Belén, Chaco",https://www.apicoladonremigio.com.ar,,,,,,Organico,true,Miel natural / Natural honey,Miel natural / Natural honey,0409.00
Aquino Pasotti Consultora,DHA Arquitectura,20229059190,Daniel Huberto Aquino,info@aquinopasotti.com,+54 9 362 4629733,"Marca comercial: DHA Arquitectura.
Experiencia exportadora: Exportador potencial (no exporta / nunca exportó).
Cámaras/asociaciones: Colegio Profesional de Arquitectura y Urbanismo del Chaco.
Rubro: Servicios Basados en el Conocimiento.",Servicios Basados en el Conocimiento,,Resistencia,"San Lorenzo 386, CP 3500, Resistencia, Chaco",https://aquinopasotti.com/,,,,,,"IRAM, LEED",true,"Arquitectura, urbanismo, ingeniería, diseño, interiorismo, comunicación, tasaciones y desarrollo inmobiliario","Arquitectura, urbanismo, ingeniería, diseño, interiorismo, comunicación, tasaciones y desarrollo inmobiliario",
Argecosol SRL,Argecosol,30709599980,Pablo Ibáñez,argecosolpablo@gmail.com,+54 9 3731 408445,"Marca comercial: Argecosol.
Experiencia exportadora: Exportador frecuente (exporta regularmente).
Cámaras/asociaciones: Cámara de Exportadores de Carbón Vegetal del Chaco.
Rubro: Maderas / Woods.",Maderas,Woods,Corzuela,"9 de julio 0135, CP 3718, Corzuela, Chaco",https://www.argecosolsrl.com.ar,https://www.facebook.com/ventasargecosol/,,,,"Chile,España,Portugal,Israel | Interés: USA",No,true,Briquetas de carbón,Briquetas de carbón,2701.20
Argecosol SRL,Argecosol,30709599980,Pablo Ibáñez,argecosolpablo@gmail.com,+54 9 3731 408445,"Marca comercial: Argecosol.
Experiencia exportadora: Exportador frecuente (exporta regularmente).
Cámaras/asociaciones: Cámara de Exportadores de Carbón Vegetal del Chaco.
Rubro: Maderas / Woods.",Maderas,Woods,Corzuela,"9 de julio 0135, CP 3718, Corzuela, Chaco",https://www.argecosolsrl.com.ar,https://www.facebook.com/ventasargecosol/,,,,"Chile,España,Portugal,Israel | Interés: USA",No,true,Carbón vegetal,Carbón vegetal,4402.90
Argecosol SRL,Argecosol,30709599980,Pablo Ibáñez,argecosolpablo@gmail.com,+54 9 3731 408445,"Marca comercial: Argecosol.
Experiencia exportadora: Exportador frecuente (exporta regularmente).
Cámaras/asociaciones: Cámara de Exportadores de Carbón Vegetal del Chaco.
Rubro: Maderas / Woods.",Maderas,Woods,Corzuela,"9 de julio 0135, CP 3718, Corzuela, Chaco",https://www.argecosolsrl.com.ar,https://www.facebook.com/ventasargecosol/,,,,"Chile,España,Portugal,Israel | Interés: USA",No,true,Madera en bruto,Madera en bruto,4403.99
Argenmieles / Mieles del Chaco,Mieles del Chaco,30660920451,Lucas Andersen,export@gsb.com.ar,+54 9 11 26502589,"Marca comercial: Mieles del Chaco.
Experiencia exportadora: Exportador frecuente (exporta regularmente).
Cámaras/asociaciones: CERA - CAFRAM.
Rubro: Alimentos y Bebidas / Food and Beverages.",Alimentos y Bebidas,Food and Beverages,P. R. Sáenz Peña,"Ruta Nacional 16. a 161 km de Resistencia (Parque Industrial P. R. Sáenz Peña), CP 3700, P. R. Sáenz Peña, Chaco",https://www.argenmieles.com.ar,https://www.facebook.com/MielesdelChaco/,,,,"USA - Unión Europea - Japón - Marruecos - Arabia Saudita - Israel | Interés: Emiratos Árabes, Malasia, Indonesia","FSSC 22000, BRC, SENASA, Orgánico, Kosher, Halal, True Source",true,"Miel natural / Natural honey. Miel natural orgánica, a granel y envasada.","Miel natural / Natural honey. Miel natural orgánica, a granel y envasada.",0409.00
Argenmieles / Mieles del Chaco,Mieles del Chaco,30660920451,Lucas Andersen,export@gsb.com.ar,+54 9 11 26502589,"Marca comercial: Mieles del Chaco.
Experiencia exportadora: Exportador frecuente (exporta regularmente).
Cámaras/asociaciones: CERA - CAFRAM.
Rubro: Alimentos y Bebidas / Food and Beverages.",Alimentos y Bebidas,Food and Beverages,P. R. Sáenz Peña,"Ruta Nacional 16. a 161 km de Resistencia (Parque Industrial P. R. Sáenz Peña), CP 3700, P. R. Sáenz Peña, Chaco",https://www.argenmieles.com.ar,https://www.facebook.com/MielesdelChaco/,,,,"USA - Unión Europea - Japón - Marruecos - Arabia Saudita - Israel | Interés: Emiratos Árabes, Malasia, Indonesia","FSSC 22000, BRC, SENASA, Orgánico, Kosher, Halal, True Source",true,"Miel fraccionada y en tambores, tanto convencional como orgánica. Certificada bajo norma FSSC 22000.","Miel fraccionada y en tambores, tanto convencional como orgánica. Certificada bajo norma FSSC 22000.",0409.00.00
Ariel Eduardo Ivars Torres,Frigorifico Ivars,20239622470,Ariel Eduardo Ivars Torres,arieleivars@gmail.com,+54 9 362 439 7062,"Marca comercial: Frigorifico Ivars.
Experiencia exportadora: Exportador potencial (no exporta / nunca exportó).
Rubro: Alimentos y Bebidas.",Alimentos y Bebidas,,Margarita Belén,"Jose Luis Mendez 340, CP 3505, Margarita Belén, Chaco",,https://www.facebook.com/frigorificoivars/,https://www.instagram.com/frigorifico_ivars/,,,,,true,Pescados de Mar y Rio,Pescados de Mar y Rio,0303.89.00
Asociacion Argentina de Brangus,Brangus,30572946211,Manuel Mateo,gerencia@brangus.org.ar,+54 9 11 58210295,"Marca comercial: Brangus.
Experiencia exportadora: Exportador frecuente (exporta regularmente).
Rubro: Ganadería y Genética.",Ganadería y Genética,,Ciudad de Buenos Aires - Recoleta,"Juncal 4450 Piso 6 Of. 1, CP 1425, Ciudad de Buenos Aires - Recoleta, Chaco",https://www.brangus.org.ar,,https://www.instagram.com/brangusargentina/,,https://drive.google.com/file/d/1yUJgyuHiFdbt075bthD1e8IaF12R4aAy/view,"Brasil, Paraguay, Uruguay, Bolivia | Interés: Asia, África y Medio Oriente",,true,"Genetica Bovina, Reproductores en pie, semen congelado o Embriones.","Genetica Bovina, Reproductores en pie, semen congelado o Embriones.",0102.21.00
Barbara Perez Salerno,Umami Sabores Únicos,27243745433,Barbara Perez Salerno,barbara@somosumami.com.ar,+54 9 379 4388489,"Marca comercial: Umami Sabores Únicos.
Experiencia exportadora: Exportador potencial (no exporta / nunca exportó).
Rubro: Alimentos y Bebidas.",Alimentos y Bebidas,,Resistencia,"Monteagudo 1455, CP 3500, Resistencia, Chaco",https://www.somosumami.com.ar,https://www.facebook.com/umami.arg/,https://www.instagram.com/umami.arg/,https://www.linkedin.com/company/100473850/,https://drive.google.com/file/d/1SGStsm0uroHO_SfJB6MkEOwN7-DT8eQG/view,,,true,Chipá congelado sin gluten (5 variedades y 2 formatos) - Tostados de chipá congelado sin gluten,Chipá congelado sin gluten (5 variedades y 2 formatos) - Tostados de chipá congelado sin gluten,1905.90.90
Bioenenrgy S. a.,Bioenergy,30715092138,Isidoro Wojtun,ibw50@yahoo.com.ar,+54 9 362 4643566,"Marca comercial: Bioenergy.
Experiencia exportadora: Exportador esporádico (ha realizado alguna exportación en los últimos 5 años).
Cámaras/asociaciones: ADIMRA.
Rubro: Químicos / Chemicals.",Químicos,Chemicals,Fontana,"Comandante Fontana 3696, CP 3514, Fontana, Chaco",https://bioenergyweb.com.ar/,,https://www.instagram.com/bioenergysa/,https://www.linkedin.com/company/bioenergy-s-a/,,"Canadá, Paraguay, Brasil, Uruguay | Interés: Bolivia, Chile",Ninguna,true,Metil ester de ácido graso,Metil ester de ácido graso,8401.10
Bioenenrgy S. a.,Bioenergy,30715092138,Isidoro Wojtun,ibw50@yahoo.com.ar,+54 9 362 4643566,"Marca comercial: Bioenergy.
Experiencia exportadora: Exportador esporádico (ha realizado alguna exportación en los últimos 5 años).
Cámaras/asociaciones: ADIMRA.
Rubro: Químicos / Chemicals.",Químicos,Chemicals,Fontana,"Comandante Fontana 3696, CP 3514, Fontana, Chaco",https://bioenergyweb.com.ar/,,https://www.instagram.com/bioenergysa/,https://www.linkedin.com/company/bioenergy-s-a/,,"Canadá, Paraguay, Brasil, Uruguay | Interés: Bolivia, Chile",Ninguna,true,Calentador de aceite al vacío,Calentador de aceite al vacío,8419.19
Bioenenrgy S. a.,Bioenergy,30715092138,Isidoro Wojtun,ibw50@yahoo.com.ar,+54 9 362 4643566,"Marca comercial: Bioenergy.
Experiencia exportadora: Exportador esporádico (ha realizado alguna exportación en los últimos 5 años).
Cámaras/asociaciones: ADIMRA.
Rubro: Químicos / Chemicals.",Químicos,Chemicals,Fontana,"Comandante Fontana 3696, CP 3514, Fontana, Chaco",https://bioenergyweb.com.ar/,,https://www.instagram.com/bioenergysa/,https://www.linkedin.com/company/bioenergy-s-a/,,"Canadá, Paraguay, Brasil, Uruguay | Interés: Bolivia, Chile",Ninguna,true,Secador de aceite al vacío,Secador de aceite al vacío,8419.31
Bioenenrgy S. a.,Bioenergy,30715092138,Isidoro Wojtun,ibw50@yahoo.com.ar,+54 9 362 4643566,"Marca comercial: Bioenergy.
Experiencia exportadora: Exportador esporádico (ha realizado alguna exportación en los últimos 5 años).
Cámaras/asociaciones: ADIMRA.
Rubro: Químicos / Chemicals.",Químicos,Chemicals,Fontana,"Comandante Fontana 3696, CP 3514, Fontana, Chaco",https://bioenergyweb.com.ar/,,https://www.instagram.com/bioenergysa/,https://www.linkedin.com/company/bioenergy-s-a/,,"Canadá, Paraguay, Brasil, Uruguay | Interés: Bolivia, Chile",Ninguna,true,Reactor de biodiesel,Reactor de biodiesel,8479.20
Bruno Maximiliano Valdez,La Pilarense Pastas,23356931009,Bruno Valdez,brunoovaldez@gmail.com,+54 9 362 4513579,"Marca comercial: La Pilarense Pastas.
Experiencia exportadora: Exportador potencial (no exporta / nunca exportó).
Rubro: Alimentos y Bebidas.",Alimentos y Bebidas,,Resistencia,"Avenida Wilde 87, CP 3500, Resistencia, Chaco",,,https://instagram.com/lapilarensepastas/,,,,,true,"Tapas de empanadas para freír, tapas empanadas para horno y tapas empanadas estilo criollas. Tapas para pascualinas y tapas para pastelitos.","Tapas de empanadas para freír, tapas empanadas para horno y tapas empanadas estilo criollas. Tapas para pascualinas y tapas para pastelitos.",1901.20.00
Campagnola Muebles,Campagnola Muebles,20147998237,Nicolás Campagnola,nicolas@campagnolamuebles.com.ar,+54 9 364 4704072 / +54 9 364 4443611,"Experiencia exportadora: Exportador potencial (no exporta / nunca exportó).
Cámaras/asociaciones: no.
Rubro: Muebles y Home Deco / Furniture and Deco.",Muebles y Home Deco,Furniture and Deco,P. R. Sáenz Peña,"Ruta Nacional 16, km, CP 3700, P. R. Sáenz Peña, Chaco",https://www.campagnolamuebles.com.ar,https://www.facebook.com/CampagnolaMuebles1/,https://www.instagram.com/campagnolamuebles/,,,,no,true,Asientos de madera,Asientos de madera,9401.00
Campagnola Muebles,Campagnola Muebles,20147998237,Nicolás Campagnola,nicolas@campagnolamuebles.com.ar,+54 9 364 4704072 / +54 9 364 4443611,"Experiencia exportadora: Exportador potencial (no exporta / nunca exportó).
Cámaras/asociaciones: no.
Rubro: Muebles y Home Deco / Furniture and Deco.",Muebles y Home Deco,Furniture and Deco,P. R. Sáenz Peña,"Ruta Nacional 16, km, CP 3700, P. R. Sáenz Peña, Chaco",https://www.campagnolamuebles.com.ar,https://www.facebook.com/CampagnolaMuebles1/,https://www.instagram.com/campagnolamuebles/,,,,no,true,Mesas de madera,Mesas de madera,9403.60
Campagnola Muebles,Campagnola Muebles,20147998237,Nicolás Campagnola,nicolas@campagnolamuebles.com.ar,+54 9 364 4704072 / +54 9 364 4443611,"Experiencia exportadora: Exportador potencial (no exporta / nunca exportó).
Cámaras/asociaciones: no.
Rubro: Muebles y Home Deco / Furniture and Deco.",Muebles y Home Deco,Furniture and Deco,P. R. Sáenz Peña,"Ruta Nacional 16, km, CP 3700, P. R. Sáenz Peña, Chaco",https://www.campagnolamuebles.com.ar,https://www.facebook.com/CampagnolaMuebles1/,https://www.instagram.com/campagnolamuebles/,,,,no,true,Sillones,Sillones,9401.61
Campagnola Muebles,Campagnola Muebles,20147998237,Nicolás Campagnola,nicolas@campagnolamuebles.com.ar,+54 9 364 4704072 / +54 9 364 4443611,"Experiencia exportadora: Exportador potencial (no exporta / nunca exportó).
Cámaras/asociaciones: no.
Rubro: Muebles y Home Deco / Furniture and Deco.",Muebles y Home Deco,Furniture and Deco,P. R. Sáenz Peña,"Ruta Nacional 16, km, CP 3700, P. R. Sáenz Peña, Chaco",https://www.campagnolamuebles.com.ar,https://www.facebook.com/CampagnolaMuebles1/,https://www.instagram.com/campagnolamuebles/,,,,no,true,Buffet,Buffet,9403.60
Campagnola Muebles,Campagnola Muebles,20147998237,Nicolás Campagnola,nicolas@campagnolamuebles.com.ar,+54 9 364 4704072 / +54 9 364 4443611,"Experiencia exportadora: Exportador potencial (no exporta / nunca exportó).
Cámaras/asociaciones: no.
Rubro: Muebles y Home Deco / Furniture and Deco.",Muebles y Home Deco,Furniture and Deco,P. R. Sáenz Peña,"Ruta Nacional 16, km, CP 3700, P. R. Sáenz Peña, Chaco",https://www.campagnolamuebles.com.ar,https://www.facebook.com/CampagnolaMuebles1/,https://www.instagram.com/campagnolamuebles/,,,,no,true,Muebles de madera de los tipos utilizados en dormitorios,Muebles de madera de los tipos utilizados en dormitorios,9403.50
Centroficina Servicios SRL,Wetala,30708184264,Elías González,ventas@wetala.ar,+54 9 362 4881070,"Marca comercial: Wetala.
Experiencia exportadora: Exportador potencial (no exporta / nunca exportó).
Cámaras/asociaciones: Camara de Comercio Industria y Producción de Resistencia.
Rubro: Muebles y Home Deco / Furniture and Deco.",Muebles y Home Deco,Furniture and Deco,Resistencia,"Showroom: Corrientes 402 / Fábrica: Ruta Nacional 16, km 24,5 (Parque Industrial Puerto Tirol), CP 3500, Resistencia, Chaco",https://www.wetala.ar,https://www.facebook.com/Wetala.argentina/,https://www.instagram.com/wetala.argentina/,,,,no,true,Sillas giratorias de altura ajustable,Sillas giratorias de altura ajustable,9401.30
Centroficina Servicios SRL,Wetala,30708184264,Elías González,ventas@wetala.ar,+54 9 362 4881070,"Marca comercial: Wetala.
Experiencia exportadora: Exportador potencial (no exporta / nunca exportó).
Cámaras/asociaciones: Camara de Comercio Industria y Producción de Resistencia.
Rubro: Muebles y Home Deco / Furniture and Deco.",Muebles y Home Deco,Furniture and Deco,Resistencia,"Showroom: Corrientes 402 / Fábrica: Ruta Nacional 16, km 24,5 (Parque Industrial Puerto Tirol), CP 3500, Resistencia, Chaco",https://www.wetala.ar,https://www.facebook.com/Wetala.argentina/,https://www.instagram.com/wetala.argentina/,,,,no,true,"Sillas con armazón de metal, con relleno","Sillas con armazón de metal, con relleno",9401.71
Centroficina Servicios SRL,Wetala,30708184264,Elías González,ventas@wetala.ar,+54 9 362 4881070,"Marca comercial: Wetala.
Experiencia exportadora: Exportador potencial (no exporta / nunca exportó).
Cámaras/asociaciones: Camara de Comercio Industria y Producción de Resistencia.
Rubro: Muebles y Home Deco / Furniture and Deco.",Muebles y Home Deco,Furniture and Deco,Resistencia,"Showroom: Corrientes 402 / Fábrica: Ruta Nacional 16, km 24,5 (Parque Industrial Puerto Tirol), CP 3500, Resistencia, Chaco",https://www.wetala.ar,https://www.facebook.com/Wetala.argentina/,https://www.instagram.com/wetala.argentina/,,,,no,true,"Sillas con armazón de metal, sin relleno","Sillas con armazón de metal, sin relleno",9401.79
Centroficina Servicios SRL,Wetala,30708184264,Elías González,ventas@wetala.ar,+54 9 362 4881070,"Marca comercial: Wetala.
Experiencia exportadora: Exportador potencial (no exporta / nunca exportó).
Cámaras/asociaciones: Camara de Comercio Industria y Producción de Resistencia.
Rubro: Muebles y Home Deco / Furniture and Deco.",Muebles y Home Deco,Furniture and Deco,Resistencia,"Showroom: Corrientes 402 / Fábrica: Ruta Nacional 16, km 24,5 (Parque Industrial Puerto Tirol), CP 3500, Resistencia, Chaco",https://www.wetala.ar,https://www.facebook.com/Wetala.argentina/,https://www.instagram.com/wetala.argentina/,,,,no,true,Muebles de oficina de metal,Muebles de oficina de metal,9403.10
Centroficina Servicios SRL,Wetala,30708184264,Elías González,ventas@wetala.ar,+54 9 362 4881070,"Marca comercial: Wetala.
Experiencia exportadora: Exportador potencial (no exporta / nunca exportó).
Cámaras/asociaciones: Camara de Comercio Industria y Producción de Resistencia.
Rubro: Muebles y Home Deco / Furniture and Deco.",Muebles y Home Deco,Furniture and Deco,Resistencia,"Showroom: Corrientes 402 / Fábrica: Ruta Nacional 16, km 24,5 (Parque Industrial Puerto Tirol), CP 3500, Resistencia, Chaco",https://www.wetala.ar,https://www.facebook.com/Wetala.argentina/,https://www.instagram.com/wetala.argentina/,,,,no,true,Muebles de oficina de madera,Muebles de oficina de madera,9403.30
Conservas del NEA SRL,Isla del Cerrito,30715207024,Luciano José Pokorasky,isladelcerritodulces@gmail.com,+54 9 362 4257645,"Marca comercial: Isla del Cerrito.
Experiencia exportadora: Exportador potencial (no exporta / nunca exportó).
Cámaras/asociaciones: no.
Rubro: Alimentos y Bebidas.",Alimentos y Bebidas,,Resistencia,"Necochea 1155, CP 3500, Resistencia, Chaco",https://www.isladelcerrito.com.ar,https://www.facebook.com/isladelcerritodulces/,https://www.instagram.com/dulcesisladelcerrito/,,https://drive.google.com/file/d/0B3MqqMwzH_b4THRiN3BzTmEtd1g0M0ZZT3A5Yml3bVRkWmo4/view,,Bromatología provincial,true,"Papaya en almíbar y mermelada de papaya. Se comercializa en frascos de vidrio de 3,75kg, 850g, 450g, 235g. Vencimiento 2 años sin abrir.","Papaya en almíbar y mermelada de papaya. Se comercializa en frascos de vidrio de 3,75kg, 850g, 450g, 235g. Vencimiento 2 años sin abrir.",2008.99.00
Consultora CyC,Linknea,30717441407,Valeria Lorena Cividini,linknea@gmail.com,+54 9 362 4864934,"Marca comercial: Linknea.
Experiencia exportadora: Exportador potencial (no exporta / nunca exportó).
Cámaras/asociaciones: Cámara comercio resistenciq.
Rubro: Servicios / Services.",Servicios,Services,Resistencia,"Mendoza 1985, CP 3500, Resistencia, Chaco",https://www.linknea.com,https://www.facebook.com/Linknea/,https://www.instagram.com/link.nea/,,,,No,true,Consultoría en Recursos Humanos y Desarrollo Organizacional,Consultoría en Recursos Humanos y Desarrollo Organizacional,
COPAP,COPAP,30709533122,Daniel Hugo Codutti,danielcodutti@gmail.com,+54 9 3725 641804,"Experiencia exportadora: Exportador potencial (no exporta / nunca exportó).
Rubro: Apicultura.",Apicultura,,Margarita Belén,"Mendez y Campo Colorado, CP 3505, Margarita Belén, Chaco",https://www.mielchacocopap.com.ar,https://www.facebook.com/mielchacocopap.com.ar/,,,,,,true,"Miel libre de gluten, organica fraccionada en diferentes presentaciones de vidrio y pet. planta de extraccion y fraccionado con habilitaciones de Senasa. HAccp","Miel libre de gluten, organica fraccionada en diferentes presentaciones de vidrio y pet. planta de extraccion y fraccionado con habilitaciones de Senasa. HAccp",0409.00.00
Fabián Gerardo Tannfeld,Raza Argentina Alfalfas S.R.L,20320616825,Fabián Tannfeld,fabiantannfeld@gmail.com,+54 9 3735 627594,"Marca comercial: Raza Argentina Alfalfas S.R.L.
Experiencia exportadora: Exportador frecuente (exporta regularmente).
Rubro: Agricultura y Cultivos.",Agricultura y Cultivos,,Villa Ángela,"Lisandro de la Torre 390, CP 3540, Villa Ángela, Chaco",,,https://www.instagram.com/razaargentina_/,,El manual de marca está en edición,Brasil | Interés: Países Árabes y Estados Unidos,,true,"Fardos de alfalfa deshidratada de alta calidad para alimentación animal y mercado internacional, prensada y acondicionada bajo estrictos controles de calidad.","Fardos de alfalfa deshidratada de alta calidad para alimentación animal y mercado internacional, prensada y acondicionada bajo estrictos controles de calidad.",1214.90.00
Grupo Argento SRL,Hecho en Casa,30717741680,Cristian Eduardo Raris,argentoresistencia@gmail.com,+54 9 362 4607685,"Marca comercial: Hecho en Casa.
Experiencia exportadora: Exportador potencial (no exporta / nunca exportó).
Rubro: Alimentos y Bebidas.",Alimentos y Bebidas,,Resistencia,"Obligado 2200, CP 3500, Resistencia, Chaco",,,https://www.instagram.com/hechoencasachaco/,,"(ruta de archivo local, sin link web)",,,true,"Tartas y empanadas ""VEGANAS"" envasadas al vacio, frutos secos envasados al vacio","Tartas y empanadas ""VEGANAS"" envasadas al vacio, frutos secos envasados al vacio",1905.90.90
Grupo Nuñez S.A.S.,Nz Agro,33718133039,Leonardo Nuñez,agrointegral.nz@gmail.com,+54 9 381 4469019,"Marca comercial: Nz Agro.
Experiencia exportadora: Exportador frecuente (exporta regularmente).
Rubro: Agricultura y Cultivos.",Agricultura y Cultivos,,Charata,"Moreno 688, CP 3731, Charata, Chaco",,,https://www.instagram.com/nzagro_/,,,"Vietnam, EEUU, Brasil | Interés: Bolivia, Ecuador, México, Venezuela, China, Alemania, Francia, Italia, Chile, Uruguay",,true,Commodities y especialidades,Commodities y especialidades,1201.90.00
GVS Consultora,GVS Consultora,27271939898,Verónica Soledad Giménez,capacitacion@gvsconsultora.com,+54 9 362 4222793,"Experiencia exportadora: Exportador esporádico (ha realizado alguna exportación en los últimos 5 años).
Cámaras/asociaciones: CAMECH.
Rubro: Servicios / Services.",Servicios,Services,Resistencia,"Heraclio Pérez 2850, CP 3500, Resistencia, Chaco",https://www.gvsconsultora.ar,https://www.facebook.com/GuiandoTuFormacion/,https://www.instagram.com/gvsconsultora/,,,"Paraguay | Interés: España, Mexico, Chile, Uruguay","Certificacion Profesional en Incubacion de Empresas (Universidad de Salamanca y Doinglobal), Certificada como Formadora en Género (ONU Mujeres)Analista Certificado PDA (en curso), Certificación Oficial Kirkpatrick: Especializada en Evaluación y Ajuste (en curso),",true,Outsourcing de capacitación. Virtualización. Desarrollo de software,Outsourcing de capacitación. Virtualización. Desarrollo de software,
Heffner Oil SRL,Heffner Oil,30718115279,Waldo Daniel Heffner,waldo.heffner@heffneroil.com,+54 9 364 4541414,"Marca comercial: Heffner Oil.
Experiencia exportadora: Exportador frecuente (exporta regularmente).
Cámaras/asociaciones: NINGUNA.
Rubro: Químicos / Chemicals.",Químicos,Chemicals,P. R. Sáenz Peña,"F. Pibernus 2065 (Planta de Producción: Parque Industrial P. R. Sáenz Peña), CP 3700, P. R. Sáenz Peña, Chaco",https://www.heffneroil.com,https://www.facebook.com/HEFFNEROIL/,https://www.instagram.com/heffneroil/,,,"Alemania, Holanda, Reino Unido, Japon, Estados Unidos, Rusia, Etc | Interés: China, India, Suiza, España, Brasil, Taiwan, Corea del Sur","CERTIFICADOS CITES, IFRA, CG-MASA, HOJA DE SEGURIDAD, REACH",true,Aceite esencial de palo santo (Bulnesia sarmientoi),Aceite esencial de palo santo (Bulnesia sarmientoi),3301.29
Juan Galarza,Argentum Woods,20166464871,Juan Vicente Galarza,tramercosur@yahoo.com.ar,+54 9 362 4178237,"Marca comercial: Argentum Woods.
Experiencia exportadora: Exportador frecuente (exporta regularmente).
Cámaras/asociaciones: ninguna.
Rubro: Maderas / Woods.",Maderas,Woods,Resistencia,"José Hernández 270. Piso 8, Dpto. Z, CP 3500, Resistencia, Chaco",https://www.carbonex.com.ar,,,,,"EEUU, España, Israel, Emiratos Árabes | Interés: EEUU Emiratos Árabes, Canada, Japon, Corea del Sur",senasa,true,Carbón vegetal,Carbón vegetal,4402.90
Juan Galarza,Argentum Woods,20166464871,Juan Vicente Galarza,tramercosur@yahoo.com.ar,+54 9 362 4178237,"Marca comercial: Argentum Woods.
Experiencia exportadora: Exportador frecuente (exporta regularmente).
Cámaras/asociaciones: ninguna.
Rubro: Maderas / Woods.",Maderas,Woods,Resistencia,"José Hernández 270. Piso 8, Dpto. Z, CP 3500, Resistencia, Chaco",https://www.carbonex.com.ar,,,,,"EEUU, España, Israel, Emiratos Árabes | Interés: EEUU Emiratos Árabes, Canada, Japon, Corea del Sur",senasa,true,Maderas Dimensionadas,Maderas Dimensionadas,4401.90
Lufe SAS,La Mancera,20374691660,Federico Kory,federicok@lamancera.com,+54 9 362 4698724,"Marca comercial: La Mancera.
Experiencia exportadora: Exportador potencial (no exporta / nunca exportó).
Rubro: Alimentos y Bebidas.",Alimentos y Bebidas,,Fontana,"Almirante Brown 900, CP 3514, Fontana, Chaco",https://www.lamancera.com,,https://www.instagram.com/lamancera.arg/,,,,,true,"aceite comestible, girasol, soja, algodon","aceite comestible, girasol, soja, algodon",1512.11.00
Maria Jimena Monticelli,Estudio AD Consultora,27274101011,Jimena Monticelli,jimemonticelli@gmail.com,+54 9 362 4695866,"Marca comercial: Estudio AD Consultora.
Experiencia exportadora: Exportador potencial (no exporta / nunca exportó).
Rubro: Servicios Basados en el Conocimiento.",Servicios Basados en el Conocimiento,,Resistencia,"Jose Maria Paz 549, CP 3500, Resistencia, Chaco",,,https://www.instagram.com/estudio.ad.consultora/,,https://drive.google.com/file/d/10-GIr0XHi-S2jIx8tpjO2BeI8C5QIGpM/view,,,true,Servicios para Gestion de Capital Humano,Servicios para Gestion de Capital Humano,
Monotributista,Albertina,20356982348,Maycol Aron Borghardt,albertina.deco.a@gmail.com,+54 9 3735 409723,"Marca comercial: Albertina.
Experiencia exportadora: Exportador potencial (no exporta / nunca exportó).
Rubro: Muebles y Deco.",Muebles y Deco,,Villa Ángela,"Montevelluna y Lavalle, CP 3540, Villa Ángela, Chaco",https://alberina.com.ar,https://www.facebook.com/share/1LrkVGPbFH/,https://www.instagram.com/albertina_deco_home/,,https://drive.google.com/file/d/1AKvuBOt_4kkBtpDzLC6w_jste9apI2W-/view,,,true,"Diseño y fabricación de productos decorativos, en madera combinada con resina, con estándares de exportación","Diseño y fabricación de productos decorativos, en madera combinada con resina, con estándares de exportación",4420.90.00
Natalia Silva,Natalia Silva - Consultora en Estructura Digital,27301593088,Natalia Silva,contacto@nataliasilva.com.ar,+54 9 362 4596570,"Marca comercial: Natalia Silva - Consultora en Estructura Digital.
Experiencia exportadora: Exportador potencial (no exporta / nunca exportó).
Rubro: Servicios Basados en el Conocimiento.",Servicios Basados en el Conocimiento,,Puerto Tirol,"Chacra 77 Pc12 Qta1, CP 3505, Puerto Tirol, Chaco",https://nataliasilva.com.ar/,https://www.facebook.com/people/Natalia-Silva-Diseño-Mkt-Digital/61581600584953/,https://www.instagram.com/dg.nataliasilva/,https://www.linkedin.com/in/nataliasilva-dg/,https://share.google/AsYXUSDFvrUXnutuw,,,true,"Servicios de consultoría en estructura digital orientados a la organización, optimización y profesionalización de negocios y proyectos. Especialización en estrategia digital, eComm","Servicios de consultoría en estructura digital orientados a la organización, optimización y profesionalización de negocios y proyectos. Especialización en estrategia digital, eCommerce, experiencia de usuario, comunicación visual, onboarding comercial, organización de procesos digitales y articulación entre tecnología, negocio y comunicación.",
Natural Gums SA,Nature Gum,30712419845,Gustavo Prola,naturalgumssa@gmail.com,+54 9 11 58084696,"Marca comercial: Nature Gum.
Experiencia exportadora: Exportador potencial (no exporta / nunca exportó).
Rubro: Alimentos y Bebidas.",Alimentos y Bebidas,,CABA,"Antezana 428 Piso 7 Dto 15, CP 1414, CABA, Chaco",https://www.nature-gum.com,,,,,,,true,"Harina de Arroz, harina de arroz Integral, Semola de Arroz, rebozador de arroz y otros","Harina de Arroz, harina de arroz Integral, Semola de Arroz, rebozador de arroz y otros",1102.90.00
Ojeda Cipolletti Jorgelina Araceli,JaoChá,27220582960,Jorgelina Araceli Ojeda Cipolletti,jaocha.blends@gmail.com,+54 9 362 4311474,"Marca comercial: JaoChá.
Experiencia exportadora: Exportador potencial (no exporta / nunca exportó).
Cámaras/asociaciones: camara de comercio de Resistencia.
Rubro: Alimentos y Bebidas.",Alimentos y Bebidas,,Resistencia,"Arturo Frondizi 1886, CP 3500, Resistencia, Chaco",https://jaochablends.wixsite.com/jaocha,JaoChá,https://www.instagram.com/jaocha_teyblends/,,,,ninguna,true,"Blends de té (Mezcla de té en hebras y tisanas) con diferentes ingredientes especias, flores, frutos, hierbas. Y hebras puras.","Blends de té (Mezcla de té en hebras y tisanas) con diferentes ingredientes especias, flores, frutos, hierbas. Y hebras puras.",1905.90.90
Pablo Daniel Jatchuk,Fasty Congelados,20314598068,Pablo Jatchuk,palijatchuk@gmail.com,+54 9 362 4238082,"Marca comercial: Fasty Congelados.
Experiencia exportadora: Exportador potencial (no exporta / nunca exportó).
Rubro: Alimentos y Bebidas.",Alimentos y Bebidas,,Resistencia,"Pasaje Velez Sarsfield 1140, CP 3500, Resistencia, Chaco",,,https://www.instagram.com/fasty.congelados/,,https://kommodo.ai/i/Qp09jZazjtWJnqdIumlj,,,true,Chipa congelado y otros,Chipa congelado y otros,1905.90.90
Plus Ultra SRL,Plus Ultra,30708731923,Sofia Arechavala,sofia_plusultra@hotmail.com,+54 9 362 4628840,"Marca comercial: Plus Ultra.
Experiencia exportadora: Exportador potencial (no exporta / nunca exportó).
Rubro: Alimentos y Bebidas.",Alimentos y Bebidas,,Resistencia,"Isla del Cerrito 1835, CP 3500, Resistencia, Chaco",https://plusultrapan.netlify.app,https://www.facebook.com/p/Plus-Ultra-100045061942225/,https://www.instagram.com/plusultra.elpanideal/,,,,,true,"Panificadora especializada en pan de miga, pan lactal, pan de pancho, pan de hamburguesa, pre pizza.","Panificadora especializada en pan de miga, pan lactal, pan de pancho, pan de hamburguesa, pre pizza.",0902.30.00
Roxana Patricia Vagabculow,Tabla Canadiense,27265936151,Jorge Luis Oliveros,info@tablacanadiense.com.ar,+54 9 362 4728750,"Marca comercial: Tabla Canadiense.
Experiencia exportadora: Exportador frecuente (exporta regularmente).
Rubro: Salud y Farmacia.",Salud y Farmacia,,Resistencia,"Santa Maria de Oro 816, CP 3500, Resistencia, Chaco",https://tablacanadiense.com.ar/,https://www.facebook.com/tablacanadiense.co/,https://www.instagram.com/tablacanadiense.co/,https://www.linkedin.com/in/tablacanadiense/,https://tablacanadiense.com.ar/wp-content/uploads/2025/12/LOGO.png,"Argentina, Chile, Paraguay, Uruguay, Perú, Ecuador, Colombia, Venezuela, Panamá, Costa Rica, Guatemala, México, Estados Unidos, Francia, España | Interés: Brasil, Portugal, Italia, Alemania, Reino Unido, Canadá, Australia, Nueva Zelanda, Japón, Corea del Sur, Emiratos Árabes Unidos, Suiza, Bélgica, Países Bajos, Irlanda",,true,"Tabla Canadiense para entrenamiento funcional y motricidad fina de la mano y miembro superior, con accesorios intercambiables. Uso didáctico para instituciones educativas y profesi","Tabla Canadiense para entrenamiento funcional y motricidad fina de la mano y miembro superior, con accesorios intercambiables. Uso didáctico para instituciones educativas y profesionales de rehabilitación.",9019.10.00
Torres Giselle Marisel,Nina del Norte,23307056054,Torres Giselle Marisel,mariseltorres@hotmail.com,+54 9 362 4877158,"Marca comercial: Nina del Norte.
Experiencia exportadora: Exportador potencial (no exporta / nunca exportó).
Rubro: Alimentos y Bebidas.",Alimentos y Bebidas,,Colonia Benítez,"Chacra 109 Pc 50 S/n Fincas Don Antonio, CP 3505, Colonia Benítez, Chaco",,,,,"Nina del Norte (texto plano, sin link)",,,true,Alfajores Regionales,Alfajores Regionales,1905.31.00
Unitán S.A.I.C.A.,Unitán S.A.I.C.A.,30506733002,Antonio Oscar Gil,aogil@unitan.net,54 9 (11) 41920204,"Experiencia exportadora: Exportador frecuente (exporta regularmente).
Cámaras/asociaciones: CERA, Cámara Argentina de Productores de Extracto de Quebracho.
Rubro: Curtientes y Taninos.",Curtientes y Taninos,,Puerto Tirol,"Calle Unitán S/N, CP 3505, Puerto Tirol, Chaco",www.unitan.net,,,,,"Alemania, Argelia, Australia, Bangladesh, Bolivia, Brasil, Canadá, Chile, China, Colombia, Corea, Ecuador, Egipto, España, Finlandia, Francia, Georgia, Grecia, Holanda, India, Italia, Japón, México, Pakistán, Paraguay, Perú, Polonia, Portugal, Rusia, Sudáfrica, Taiwán, Tailandia, Turquía, UK, USA | Interés: Indonesia, Vietnam, Países africanos","ISO, Senasa, Orgánico, Kosher, Halal, BPM, GMP+, ZDHC, Vegan",true,Curtientes Vegetales,Curtientes Vegetales,3201.10
Unitán S.A.I.C.A.,Unitán S.A.I.C.A.,30506733002,Antonio Oscar Gil,aogil@unitan.net,54 9 (11) 41920204,"Experiencia exportadora: Exportador frecuente (exporta regularmente).
Cámaras/asociaciones: CERA, Cámara Argentina de Productores de Extracto de Quebracho.
Rubro: Curtientes y Taninos.",Curtientes y Taninos,,Puerto Tirol,"Calle Unitán S/N, CP 3505, Puerto Tirol, Chaco",www.unitan.net,,,,,"Alemania, Argelia, Australia, Bangladesh, Bolivia, Brasil, Canadá, Chile, China, Colombia, Corea, Ecuador, Egipto, España, Finlandia, Francia, Georgia, Grecia, Holanda, India, Italia, Japón, México, Pakistán, Paraguay, Perú, Polonia, Portugal, Rusia, Sudáfrica, Taiwán, Tailandia, Turquía, UK, USA | Interés: Indonesia, Vietnam, Países africanos","ISO, Senasa, Orgánico, Kosher, Halal, BPM, GMP+, ZDHC, Vegan",true,Aditivos para cartones/,Aditivos para cartones/,3202.90
Unitán S.A.I.C.A.,Unitán S.A.I.C.A.,30506733002,Antonio Oscar Gil,aogil@unitan.net,54 9 (11) 41920204,"Experiencia exportadora: Exportador frecuente (exporta regularmente).
Cámaras/asociaciones: CERA, Cámara Argentina de Productores de Extracto de Quebracho.
Rubro: Curtientes y Taninos.",Curtientes y Taninos,,Puerto Tirol,"Calle Unitán S/N, CP 3505, Puerto Tirol, Chaco",www.unitan.net,,,,,"Alemania, Argelia, Australia, Bangladesh, Bolivia, Brasil, Canadá, Chile, China, Colombia, Corea, Ecuador, Egipto, España, Finlandia, Francia, Georgia, Grecia, Holanda, India, Italia, Japón, México, Pakistán, Paraguay, Perú, Polonia, Portugal, Rusia, Sudáfrica, Taiwán, Tailandia, Turquía, UK, USA | Interés: Indonesia, Vietnam, Países africanos","ISO, Senasa, Orgánico, Kosher, Halal, BPM, GMP+, ZDHC, Vegan",true,Aditivos para papeles,Aditivos para papeles,3202.90
Unitán S.A.I.C.A.,Unitán S.A.I.C.A.,30506733002,Antonio Oscar Gil,aogil@unitan.net,54 9 (11) 41920204,"Experiencia exportadora: Exportador frecuente (exporta regularmente).
Cámaras/asociaciones: CERA, Cámara Argentina de Productores de Extracto de Quebracho.
Rubro: Curtientes y Taninos.",Curtientes y Taninos,,Puerto Tirol,"Calle Unitán S/N, CP 3505, Puerto Tirol, Chaco",www.unitan.net,,,,,"Alemania, Argelia, Australia, Bangladesh, Bolivia, Brasil, Canadá, Chile, China, Colombia, Corea, Ecuador, Egipto, España, Finlandia, Francia, Georgia, Grecia, Holanda, India, Italia, Japón, México, Pakistán, Paraguay, Perú, Polonia, Portugal, Rusia, Sudáfrica, Taiwán, Tailandia, Turquía, UK, USA | Interés: Indonesia, Vietnam, Países africanos","ISO, Senasa, Orgánico, Kosher, Halal, BPM, GMP+, ZDHC, Vegan",true,Aditivos para maderas,Aditivos para maderas,3202.90
Unitán S.A.I.C.A.,Unitán S.A.I.C.A.,30506733002,Antonio Oscar Gil,aogil@unitan.net,54 9 (11) 41920204,"Experiencia exportadora: Exportador frecuente (exporta regularmente).
Cámaras/asociaciones: CERA, Cámara Argentina de Productores de Extracto de Quebracho.
Rubro: Curtientes y Taninos.",Curtientes y Taninos,,Puerto Tirol,"Calle Unitán S/N, CP 3505, Puerto Tirol, Chaco",www.unitan.net,,,,,"Alemania, Argelia, Australia, Bangladesh, Bolivia, Brasil, Canadá, Chile, China, Colombia, Corea, Ecuador, Egipto, España, Finlandia, Francia, Georgia, Grecia, Holanda, India, Italia, Japón, México, Pakistán, Paraguay, Perú, Polonia, Portugal, Rusia, Sudáfrica, Taiwán, Tailandia, Turquía, UK, USA | Interés: Indonesia, Vietnam, Países africanos","ISO, Senasa, Orgánico, Kosher, Halal, BPM, GMP+, ZDHC, Vegan",true,Taninos para el Azúcar,Taninos para el Azúcar,3201.90
Unitán S.A.I.C.A.,Unitán S.A.I.C.A.,30506733002,Antonio Oscar Gil,aogil@unitan.net,54 9 (11) 41920204,"Experiencia exportadora: Exportador frecuente (exporta regularmente).
Cámaras/asociaciones: CERA, Cámara Argentina de Productores de Extracto de Quebracho.
Rubro: Curtientes y Taninos.",Curtientes y Taninos,,Puerto Tirol,"Calle Unitán S/N, CP 3505, Puerto Tirol, Chaco",www.unitan.net,,,,,"Alemania, Argelia, Australia, Bangladesh, Bolivia, Brasil, Canadá, Chile, China, Colombia, Corea, Ecuador, Egipto, España, Finlandia, Francia, Georgia, Grecia, Holanda, India, Italia, Japón, México, Pakistán, Paraguay, Perú, Polonia, Portugal, Rusia, Sudáfrica, Taiwán, Tailandia, Turquía, UK, USA | Interés: Indonesia, Vietnam, Países africanos","ISO, Senasa, Orgánico, Kosher, Halal, BPM, GMP+, ZDHC, Vegan",true,Flotación de minerales,Flotación de minerales,3824.90
Unitán S.A.I.C.A.,Unitán S.A.I.C.A.,30506733002,Antonio Oscar Gil,aogil@unitan.net,54 9 (11) 41920204,"Experiencia exportadora: Exportador frecuente (exporta regularmente).
Cámaras/asociaciones: CERA, Cámara Argentina de Productores de Extracto de Quebracho.
Rubro: Curtientes y Taninos.",Curtientes y Taninos,,Puerto Tirol,"Calle Unitán S/N, CP 3505, Puerto Tirol, Chaco",www.unitan.net,,,,,"Alemania, Argelia, Australia, Bangladesh, Bolivia, Brasil, Canadá, Chile, China, Colombia, Corea, Ecuador, Egipto, España, Finlandia, Francia, Georgia, Grecia, Holanda, India, Italia, Japón, México, Pakistán, Paraguay, Perú, Polonia, Portugal, Rusia, Sudáfrica, Taiwán, Tailandia, Turquía, UK, USA | Interés: Indonesia, Vietnam, Países africanos","ISO, Senasa, Orgánico, Kosher, Halal, BPM, GMP+, ZDHC, Vegan",true,Dispersantes,Dispersantes,3811.90
Unitán S.A.I.C.A.,Unitán S.A.I.C.A.,30506733002,Antonio Oscar Gil,aogil@unitan.net,54 9 (11) 41920204,"Experiencia exportadora: Exportador frecuente (exporta regularmente).
Cámaras/asociaciones: CERA, Cámara Argentina de Productores de Extracto de Quebracho.
Rubro: Curtientes y Taninos.",Curtientes y Taninos,,Puerto Tirol,"Calle Unitán S/N, CP 3505, Puerto Tirol, Chaco",www.unitan.net,,,,,"Alemania, Argelia, Australia, Bangladesh, Bolivia, Brasil, Canadá, Chile, China, Colombia, Corea, Ecuador, Egipto, España, Finlandia, Francia, Georgia, Grecia, Holanda, India, Italia, Japón, México, Pakistán, Paraguay, Perú, Polonia, Portugal, Rusia, Sudáfrica, Taiwán, Tailandia, Turquía, UK, USA | Interés: Indonesia, Vietnam, Países africanos","ISO, Senasa, Orgánico, Kosher, Halal, BPM, GMP+, ZDHC, Vegan",true,Colorantes textiles naturales,Colorantes textiles naturales,3203.00
Veronelli Ethel Carolina Alexandra,D'Benizio Alfajores Chaqueños,27288066588,Ethel Carolina Veronelli,veronellicarolina0@gmail.com,+54 9 3735 507976,"Marca comercial: D'Benizio Alfajores Chaqueños.
Experiencia exportadora: Exportador potencial (no exporta / nunca exportó).
Rubro: Alimentos y Bebidas.",Alimentos y Bebidas,,Villa Ángela,"Mathurin 880, CP 3540, Villa Ángela, Chaco",https://dbeniziochaquenos.mitiendanube.com,,https://www.instagram.com/dbenizioalfajoreschaquenos/,,,,,true,"D'Benizio Alfajores Chaqueños: marca dedicada a la elaboración de alfajores premium, ingredientes seleccionados y recetas exclusivas.","D'Benizio Alfajores Chaqueños: marca dedicada a la elaboración de alfajores premium, ingredientes seleccionados y recetas exclusivas.",1905.31.00
